"","ID","Description","setSize","enrichmentScore","NES","pvalue","p.adjust","qvalue","rank","leading_edge","core_enrichment"
"hsa05200","hsa05200","Pathways in cancer",189,0.842247666570109,1.25054524353148,6.59921266447253e-05,0.0177518820674311,0.0155602488088615,190,"tags=34%, list=10%, signal=34%","5743/2099/367/4843/1017/5468/890/2100/2932/6256/5292/836/808/596/581/5970/8648/3569/842/207/7157/5594/3162/3725/3576/7422/4318/841/5595/1026/7040/4790/2353/2950/3091/595/4780/4312/4609/5925/5578/4792/3558/1728/598/3458/1019/5733/6772/2475/4313/5728/1906/5467/6774/5599/3565/578/1029/5579/1869/1499/5601/2064/572"
