"","ID","Description","setSize","enrichmentScore","NES","pvalue","p.adjust","qvalue","rank","leading_edge","core_enrichment"
"hsa05200","hsa05200","Pathways in cancer",237,0.872222900044564,1.26365031611402,3.73239313749213e-05,0.0111971794124764,0.00970422215747954,216,"tags=31%, list=7%, signal=31%","5743/2099/367/4843/5468/1017/890/2932/2100/6256/5292/836/808/596/581/5970/3569/842/8648/3576/3162/5594/7157/207/3725/7422/4318/841/5595/2353/595/7040/4790/3091/4792/4780/1026/4609/1019/3558/2950/4312/4313/3458/5925/1728/598/5733/5578/5579/5599/6772/6774/5467/5728/1906/2475/332/578/3565/1029/1956/1869/5601/355/2064/862/5879/2335/2944/317/3593/572"
