"","ID","Description","setSize","enrichmentScore","NES","pvalue","p.adjust","qvalue","rank","leading_edge","core_enrichment"
"hsa05200","hsa05200","Pathways in cancer",200,0.860369627059661,1.38390172878274,2.69995755349079e-06,0.000761388030084403,0.000630937449342059,257,"tags=40%, list=10%, signal=39%","5743/2099/4843/367/1017/5468/2932/890/2100/6256/5292/836/808/596/581/5970/3162/842/3725/8648/207/7157/3576/3569/595/7422/841/5594/4780/4792/4790/5595/2353/2950/4609/7040/5578/5579/3565/4313/1728/1026/3558/4318/1019/3458/5733/598/4312/3091/5925/6772/6774/1956/332/2944/5728/5599/5894/2475/6257/862/5293/5467/3567/5582/2064/4257/356/7296/3551/2946/331/1499/1906/1869/5290/4851/5291/2939"
"hsa04082","hsa04082","Neuroactive ligand signaling",64,0.926916217799536,1.56336657586882,1.27129473879674e-05,0.00179252558170341,0.00148540753690988,102,"tags=34%, list=4%, signal=34%","43/2554/1128/1129/6530/1131/154/147/146/6531/148/6532/150/153/152/2891/1139/1812/151/4988/5578/5579"
"hsa04080","hsa04080","Neuroactive ligand-receptor interaction",164,0.862870425454569,1.39915118124908,3.78851830035431e-05,0.00356120720233305,0.00295105636027599,98,"tags=13%, list=4%, signal=13%","5644/2554/1128/1129/1131/154/147/146/148/5646/2908/150/153/1135/152/2891/1139/1812/151/7442/4988"
