"","ID","Description","setSize","enrichmentScore","NES","pvalue","p.adjust","qvalue","rank","leading_edge","core_enrichment"
"hsa05200","hsa05200","Pathways in cancer",239,0.881898163281012,1.37204692953162,1.94329377514332e-06,0.000579101544992708,0.000456162644059957,233,"tags=31%, list=7%, signal=31%","5743/2099/367/4843/5468/1017/890/6256/2932/2100/5292/836/808/596/5970/581/8648/3569/842/3725/3576/207/7157/3162/841/5594/7422/4792/2353/4790/595/7040/3558/5595/4318/1019/1026/2950/4609/5733/5925/1728/4312/4780/3458/5728/3091/4313/5578/598/3565/332/5599/6772/6774/5579/1956/2939/1906/2064/5467/572/1029/356/2475/1869/2033/650/578/5601/2944/840/5894/1499"
"hsa04080","hsa04080","Neuroactive ligand-receptor interaction",97,0.913565860251387,1.50487381522696,8.29128147995031e-05,0.012354009405126,0.00973134615804694,105,"tags=22%, list=3%, signal=22%","5644/2554/1128/1129/154/1131/147/5646/146/2908/148/150/153/1139/2891/1135/151/152/4988/5733/7442"
"hsa04082","hsa04082","Neuroactive ligand signaling",65,0.931041658732124,1.57990409762754,0.000175713452177056,0.0174542029162542,0.0137488069598188,101,"tags=29%, list=3%, signal=29%","43/2554/1128/6530/1129/154/1131/147/6531/146/148/6532/150/153/1139/2891/151/152/4988"
