"","ID","Description","setSize","enrichmentScore","NES","pvalue","p.adjust","qvalue","rank","leading_edge","core_enrichment"
"hsa05200","hsa05200","Pathways in cancer",158,0.805856991667792,1.358482231139,1.25740094627686e-05,0.00284172613858571,0.00230302910160183,162,"tags=39%, list=14%, signal=38%","5743/4843/367/2099/1017/5468/5292/2932/890/2100/6256/808/836/596/581/5970/8648/842/3162/207/3569/5594/3576/3725/7157/595/7040/1026/4318/5733/7422/4790/2353/5595/3458/4792/3091/841/1019/598/5925/4780/4313/4312/3558/6772/862/3565/4609/183/5894/5728/5578/2950/1029/1956/6257/54205/6387/5579/1728"
